SNP,RefAllele,NonRefAllele,OR,p_value
rs144783209,T,G,1.47,0.00000031
rs79919349,A,G,1.77,0.00000228
rs41280169,T,C,1.4,0.00000251
rs2554444,A,T,0.83,0.00000284
rs2554444,A,G,1.38,0.000000443
rs6914428,A,G,0.85,0.00000468
