MarkerName,Allele1,Allele2,Weight,Zscore,P-value
rs4976549,t,g,1.00,3.414,0.000641
rs802669 ,a,g,1.00,-3.536,0.000407
rs6470380,a,g,1.00,3.380,0.000724
rs79919349,a,g,1.00,4.727,2.28e-06
rs2911968,t,c,1.00,-4.208,2.58e-05
rs7309727,t,c,1.00,-4.475,7.63e-06
rs944805,t,c,1.00,3.806,0.000141
rs2554444,a,t,1.00,4.682,2.84e-06
rs10144552,a,g,1.00,-4.357,1.32e-05
rs6914428,a,g,1.00,4.579,4.68e-06
rs9563740,a,g,1.00,3.697,0.000218
rs12480756,t,c,1.00,-0.742,0.458
rs936336,a,g,1.00,3.760,0.00017
rs7324557,a,g,1.00,-3.700,0.000216
rs41280169,t,c,1.00,4.707,2.51e-06
rs8040090,a,g,1.00,-3.631,0.000282
rs144783209,t,g,1.00,5.117,3.1e-07
rs4129976,t,c,1.00,-4.058,4.96e-05
