SNP,RefAllele,NonRefAllele,p_value
rs9302001,C,T,0.0000002256
rs4145262,C,A,0.0000003237
rs2196586,C,T,0.000007919
rs16925503,A,T,0.000008475
rs17059155,G,T,0.00001553
rs4917611,C,T,0.0000223
rs7726399,C,A,0.00002482
rs11009391,C,G,0.00003144
rs830838,T,C,0.00003258
rs8020871,C,T,0.00003683
rs16999009,G,A,0.00003883
rs11180828,A,G,0.00004424
rs3816995,G,A,0.00004429
rs2055984,C,T,0.00004704
rs751056,A,G,0.0000527
rs10514202,C,T,0.00005356
rs6474063,T,C,0.00005685
rs7170126,C,T,0.00005744
rs132617,C,T,0.00005748
rs12061304,A,G,0.00006133
rs11102149,G,C,0.00006153
rs12962858,C,T,0.00006516
rs13018470,C,T,0.00006826
rs11172630,T,C,0.00007514
rs2118261,A,G,0.00007583
rs16999519,C,T,0.00008626
rs2966701,G,A,0.00008642
rs6581196,C,A,0.00008882
rs7593927,T,G,0.00009173
rs6882892,T,G,0.00009447
rs2276435,G,A,0.00009736
rs10783899,C,T,0.00009823
