SNP,RefAllele,NonRefAllele,OR,p_value
rs10144552,G,A,1.31,0.0000132
rs2911968,C,T,1.30,0.0000258
rs4129976,C,T,1.29,0.0000496
rs944805,T,C,1.29,0.000141
rs936336,A,G,0.75,0.00017
rs7324557,G,A,0.8,0.000216
rs9563740,A,G,0.75,0.000218
rs8040090,G,A,1.49,0.000282
rs802669 ,G,A,1.22,0.000407
rs4976549,T,G,1.24,0.000641
rs6470380,A,G,1.37,0.000724
rs12480756,C,T,1.15,0.458
